{"options":{"check_for_updates":false,"comment":null,"compatopts_for_requires":true,"compat_wrappedjsobject":false,"compat_metadata":false,"compat_foreach":false,"compat_arrayleft":false,"compat_uW_gmonkey":false,"compat_forvarin":false,"noframes":null,"awareOfChrome":false,"run_at":null,"override":{"use_includes":[],"orig_includes":[],"merge_includes":true,"use_matches":[],"orig_matches":["https://colab.research.google.com/*","http://colab.research.google.com/*","https://*.research.google.com/*","http://*.research.google.com/*"],"merge_matches":true,"use_excludes":[],"orig_excludes":[],"merge_excludes":true,"use_connects":[],"merge_connects":true,"use_blockers":[],"orig_run_at":"document-idle","orig_noframes":null}},"settings":{"enabled":true,"position":13},"meta":{"name":"colab重新连接","uuid":"a5f9aa1e-7675-4b21-ada2-1da784b3eea1","modified":1596565761458,"file_url":"https://greasyfork.org/scripts/386556-google-colab-auto-reconnector/code/Google%20Colab%20Auto%20Reconnector.user.js"}}