{"options":{"check_for_updates":true,"comment":null,"compatopts_for_requires":true,"compat_wrappedjsobject":false,"compat_metadata":false,"compat_foreach":false,"compat_arrayleft":false,"compat_uW_gmonkey":false,"compat_forvarin":false,"noframes":null,"awareOfChrome":false,"run_at":null,"override":{"use_includes":[],"orig_includes":[],"merge_includes":true,"use_matches":[],"orig_matches":["*://ucontent.unipus.cn/_pc_default/pc.html?*","*://ucontent.unipus.cn/_utalk_default/pc.html?*","*://uexercise.unipus.cn/uexercise*","*://u.unipus.cn/user/student/homework*","*://sso.unipus.cn/sso/login*","*://u.unipus.cn/*","*://ucamapi.unipus.cn/*"],"merge_matches":true,"use_excludes":[],"orig_excludes":[],"merge_excludes":true,"use_connects":[],"merge_connects":true,"use_blockers":[],"orig_run_at":"document-start","orig_noframes":null}},"settings":{"enabled":true,"position":10},"meta":{"name":"Uer/U校园/UTALK/网课答案显示/自动填写/支持测试/时长挂机/unipus","uuid":"823c185f-6437-4b6f-9a29-38a84819583b","modified":1614587485103,"file_url":"https://greasyfork.org/scripts/397517-uer-u%E6%A0%A1%E5%9B%AD-utalk-%E7%BD%91%E8%AF%BE%E7%AD%94%E6%A1%88%E6%98%BE%E7%A4%BA-%E8%87%AA%E5%8A%A8%E5%A1%AB%E5%85%A5/code/UerU%E6%A0%A1%E5%9B%ADUTALK%E7%BD%91%E8%AF%BE%E7%AD%94%E6%A1%88%E6%98%BE%E7%A4%BA%E8%87%AA%E5%8A%A8%E5%A1%AB%E5%85%A5.user.js"}}