{"options":{"check_for_updates":true,"comment":null,"compatopts_for_requires":true,"compat_wrappedjsobject":false,"compat_metadata":false,"compat_foreach":false,"compat_arrayleft":false,"compat_uW_gmonkey":false,"compat_forvarin":false,"noframes":null,"awareOfChrome":false,"run_at":null,"override":{"use_includes":[],"orig_includes":["*://wenku.baidu.com/view/*"],"merge_includes":true,"use_matches":[],"orig_matches":[],"merge_matches":true,"use_excludes":[],"orig_excludes":[],"merge_excludes":true,"use_connects":[],"merge_connects":true,"use_blockers":[],"orig_run_at":"document-idle","orig_noframes":null}},"settings":{"enabled":true,"position":7},"meta":{"name":"百度文库原文件下载！","uuid":"5e606553-355c-4d2b-b28d-769225b81dd8","modified":1596891674234,"file_url":"https://greasyfork.org/scripts/398094-%E7%99%BE%E5%BA%A6%E6%96%87%E5%BA%93%E5%8E%9F%E6%96%87%E4%BB%B6%E5%85%8D%E8%B4%B9%E4%B8%8B%E8%BD%BD/code/%E7%99%BE%E5%BA%A6%E6%96%87%E5%BA%93%E5%8E%9F%E6%96%87%E4%BB%B6%E5%85%8D%E8%B4%B9%E4%B8%8B%E8%BD%BD%EF%BC%81.user.js"}}