{"options":{"check_for_updates":true,"comment":null,"compatopts_for_requires":true,"compat_wrappedjsobject":false,"compat_metadata":false,"compat_foreach":false,"compat_arrayleft":false,"compat_uW_gmonkey":false,"compat_forvarin":false,"noframes":null,"awareOfChrome":false,"run_at":null,"override":{"use_includes":[],"orig_includes":["*://wenku.baidu.com/view/*"],"merge_includes":true,"use_matches":[],"orig_matches":[],"merge_matches":true,"use_excludes":[],"orig_excludes":[],"merge_excludes":true,"use_connects":[],"merge_connects":true,"use_blockers":[],"orig_run_at":"document-idle","orig_noframes":null}},"settings":{"enabled":true,"position":6},"meta":{"name":"百度文库资料免费下载助手","uuid":"6de9c65e-bb3c-4057-bdfd-af718b6d47c8","modified":1586531257722,"file_url":"https://greasyfork.org/scripts/390817-%E7%99%BE%E5%BA%A6%E6%96%87%E5%BA%93%E8%B5%84%E6%96%99%E5%85%8D%E8%B4%B9%E4%B8%8B%E8%BD%BD%E5%8A%A9%E6%89%8B/code/%E7%99%BE%E5%BA%A6%E6%96%87%E5%BA%93%E8%B5%84%E6%96%99%E5%85%8D%E8%B4%B9%E4%B8%8B%E8%BD%BD%E5%8A%A9%E6%89%8B.user.js"}}