{"data":{"$config":"o{\"uid\":\"4tw4rnuk46bxce78tgt5nr0oqkdzbcc2\",\"share_log_list\":{\"lanzous#b01bdspaj\":{\"share_id\":\"b01bdspaj\",\"share_pwd\":\"0\",\"share_link\":\"https://thunderbird.lanzous.com/b01bdspaj\",\"share_source\":\"lanzous\",\"share_time\":1597106666577},\"baidu#iZPO0qRzIznLYNT2L7Ymlg\":{\"share_id\":\"iZPO0qRzIznLYNT2L7Ymlg\",\"share_pwd\":\"myit\",\"share_link\":\"https://pan.baidu.com/share/init?surl=iZPO0qRzIznLYNT2L7Ymlg\",\"share_source\":\"baidu\",\"share_time\":1598681962302},\"baidu#ZHOgMLMq7ZQqOvGeBLYSmg\":{\"share_id\":\"ZHOgMLMq7ZQqOvGeBLYSmg\",\"share_pwd\":\"9rm3\",\"share_link\":\"https://pan.baidu.com/share/init?surl=ZHOgMLMq7ZQqOvGeBLYSmg\",\"share_source\":\"baidu\",\"share_time\":1598842092059},\"lanzous#b00ne6vfa\":{\"share_id\":\"b00ne6vfa\",\"share_pwd\":\"h7vg\",\"share_link\":\"https://www.lanzous.com/b00ne6vfa\",\"share_source\":\"lanzous\",\"share_time\":1602136638782},\"baidu#CpD4YIey-MsKsY7W9G-zZw\":{\"share_id\":\"CpD4YIey-MsKsY7W9G-zZw\",\"share_pwd\":\"b7qe\",\"share_link\":\"https://pan.baidu.com/share/init?surl=CpD4YIey-MsKsY7W9G-zZw\",\"share_source\":\"baidu\",\"share_time\":1604750967185},\"baidu#2nJ1ZYUBgJ6xdqbOYbTNpA\":{\"share_id\":\"2nJ1ZYUBgJ6xdqbOYbTNpA\",\"share_pwd\":\"rm2a\",\"share_link\":\"https://pan.baidu.com/share/init?surl=2nJ1ZYUBgJ6xdqbOYbTNpA\",\"share_source\":\"baidu\",\"share_time\":1606490822194},\"lanzous#b015f3htg\":{\"share_id\":\"b015f3htg\",\"share_pwd\":\"0\",\"share_link\":\"https://miao520.lanzous.com/b015f3htg\",\"share_source\":\"lanzous\",\"share_time\":1607355598286},\"baidu#bdBhVTBYMk0lNIOtCxIjPw\":{\"share_id\":\"bdBhVTBYMk0lNIOtCxIjPw\",\"share_pwd\":\"w28g\",\"share_link\":\"https://pan.baidu.com/share/init?surl=bdBhVTBYMk0lNIOtCxIjPw\",\"share_source\":\"baidu\",\"share_time\":1608954861075},\"baidu#qYKDyCc\":{\"share_id\":\"qYKDyCc\",\"share_pwd\":\"wdst\",\"share_link\":\"https://pan.baidu.com/share/init?surl=qYKDyCc\",\"share_source\":\"baidu\",\"share_time\":1607778229338},\"baidu#nwJg0eX\":{\"share_id\":\"nwJg0eX\",\"share_pwd\":\"iuj3\",\"share_link\":\"https://pan.baidu.com/share/init?surl=nwJg0eX\",\"share_source\":\"baidu\",\"share_time\":1608718165453},\"lanzous#ipwFHha3bbc\":{\"share_id\":\"ipwFHha3bbc\",\"share_pwd\":\"52pj\",\"share_link\":\"https://wwa.lanzous.com/ipwFHha3bbc\",\"share_source\":\"lanzous\",\"share_time\":1607829821203},\"baidu#d9Pi7vpsNoUN1bFrGSIYFA\":{\"share_id\":\"d9Pi7vpsNoUN1bFrGSIYFA\",\"share_pwd\":\"11ue\",\"share_link\":\"https://pan.baidu.com/share/init?surl=d9Pi7vpsNoUN1bFrGSIYFA\",\"share_source\":\"baidu\",\"share_time\":1608268085940},\"baidu#1jHyLbJwlOqsVw84ys9Sig\":{\"share_id\":\"1jHyLbJwlOqsVw84ys9Sig\",\"share_pwd\":\"x35v\",\"share_link\":\"https://pan.baidu.com/share/init?surl=1jHyLbJwlOqsVw84ys9Sig\",\"share_source\":\"baidu\",\"share_time\":1608450327182},\"baidu#1pIR-T0EvvIKxfHjvfZ_sQ\":{\"share_id\":\"1pIR-T0EvvIKxfHjvfZ_sQ\",\"share_pwd\":\"y74I\",\"share_link\":\"https://pan.baidu.com/share/init?surl=1pIR-T0EvvIKxfHjvfZ_sQ\",\"share_source\":\"baidu\",\"share_time\":1608564999780},\"lanzous#iCMe7jg3r1g\":{\"share_id\":\"iCMe7jg3r1g\",\"share_pwd\":\"4fc5\",\"share_link\":\"https://ggzzd.lanzoux.com/iCMe7jg3r1g\",\"share_source\":\"lanzous\",\"share_time\":1608605231095},\"baidu#N7aSUndy7NqZ0XNZEoW6WA\":{\"share_id\":\"N7aSUndy7NqZ0XNZEoW6WA\",\"share_pwd\":\"nhvw\",\"share_link\":\"https://pan.baidu.com/share/init?surl=N7aSUndy7NqZ0XNZEoW6WA\",\"share_source\":\"baidu\",\"share_time\":1608616889171},\"baidu#K8nPCIefj8NwBuaXCXDYJQ\":{\"share_id\":\"K8nPCIefj8NwBuaXCXDYJQ\",\"share_pwd\":\"lgdd\",\"share_link\":\"https://pan.baidu.com/share/init?surl=K8nPCIefj8NwBuaXCXDYJQ\",\"share_source\":\"baidu\",\"share_time\":1608688345683},\"baidu#xr9n9EBs2dALOkmIFaIdcQ\":{\"share_id\":\"xr9n9EBs2dALOkmIFaIdcQ\",\"share_pwd\":\"bcd6\",\"share_link\":\"https://pan.baidu.com/share/init?surl=xr9n9EBs2dALOkmIFaIdcQ\",\"share_source\":\"baidu\",\"share_time\":1608892507627},\"baidu#--hGeTGGQLOqhALZHZxfHQ\":{\"share_id\":\"--hGeTGGQLOqhALZHZxfHQ\",\"share_pwd\":\"ut0t\",\"share_link\":\"https://pan.baidu.com/share/init?surl=--hGeTGGQLOqhALZHZxfHQ\",\"share_source\":\"baidu\",\"share_time\":1608902326414},\"lanzous#b00zd6odc\":{\"share_id\":\"b00zd6odc\",\"share_pwd\":\"0\",\"share_link\":\"https://ghpym.lanzous.com/b00zd6odc\",\"share_source\":\"lanzous\",\"share_time\":1609328280637},\"baidu#CAE0iFjVt-wDHFNwQuqt-g\":{\"share_id\":\"CAE0iFjVt-wDHFNwQuqt-g\",\"share_pwd\":\"h952\",\"share_link\":\"https://pan.baidu.com/share/init?surl=CAE0iFjVt-wDHFNwQuqt-g\",\"share_source\":\"baidu\",\"share_time\":1610169802349},\"baidu#eMqtF8IhA6VJtSZY3jNdEg\":{\"share_id\":\"eMqtF8IhA6VJtSZY3jNdEg\",\"share_pwd\":\"di39\",\"share_link\":\"https://pan.baidu.com/share/init?surl=eMqtF8IhA6VJtSZY3jNdEg\",\"share_source\":\"baidu\",\"share_time\":1610509318366}}}","$storage":"o{\"version_date\":\"20210301\",\"version_payload\":{\"version\":\"0.4.7\"},\"version_latest\":\"0.4.7\"}"},"ts":1614761911654}