{"options":{"check_for_updates":true,"comment":null,"compatopts_for_requires":true,"compat_wrappedjsobject":false,"compat_metadata":false,"compat_foreach":false,"compat_arrayleft":false,"compat_prototypes":true,"compat_uW_gmonkey":false,"compat_forvarin":false,"noframes":null,"awareOfChrome":false,"run_at":null,"override":{"use_includes":[],"orig_includes":[],"merge_includes":true,"use_matches":[],"orig_matches":["*://*.chaoxing.com/*","*://*.edu.cn/*"],"merge_matches":true,"use_excludes":[],"orig_excludes":[],"merge_excludes":true,"use_connects":[],"merge_connects":true,"use_blockers":[],"orig_run_at":"document-end","orig_noframes":null}},"settings":{"enabled":false,"position":17},"meta":{"name":"超星网课助手(最新题库)支持图片题","uuid":"fbd0bf0f-93d5-4403-85a8-baddcf38b4ca","modified":1607563548239,"file_url":"https://greasyfork.org/scripts/417182-%E8%B6%85%E6%98%9F%E7%BD%91%E8%AF%BE%E5%8A%A9%E6%89%8B-%E6%9C%80%E6%96%B0%E9%A2%98%E5%BA%93-%E6%94%AF%E6%8C%81%E5%9B%BE%E7%89%87%E9%A2%98/code/%E8%B6%85%E6%98%9F%E7%BD%91%E8%AF%BE%E5%8A%A9%E6%89%8B(%E6%9C%80%E6%96%B0%E9%A2%98%E5%BA%93)%E6%94%AF%E6%8C%81%E5%9B%BE%E7%89%87%E9%A2%98.user.js"}}