{"options":{"check_for_updates":true,"comment":null,"compatopts_for_requires":true,"compat_wrappedjsobject":false,"compat_metadata":false,"compat_foreach":false,"compat_arrayleft":false,"compat_prototypes":true,"compat_uW_gmonkey":false,"compat_forvarin":false,"noframes":null,"awareOfChrome":false,"run_at":null,"override":{"use_includes":[],"orig_includes":[],"merge_includes":true,"use_matches":[],"orig_matches":["*://*.chaoxing.com/*","*://*.edu.cn/*","*://*.nbdlib.cn/*","*://*.hnsyu.net/*"],"merge_matches":true,"use_excludes":[],"orig_excludes":[],"merge_excludes":true,"use_connects":[],"merge_connects":true,"use_blockers":[],"orig_run_at":"document-end","orig_noframes":null}},"settings":{"enabled":false,"position":16},"meta":{"name":"超星网课助手(改)(查题可用)","uuid":"80decbbb-777d-4ce1-b95a-20b290ea3aef","modified":1604329235152,"file_url":"https://greasyfork.org/scripts/401447-%E8%B6%85%E6%98%9F%E7%BD%91%E8%AF%BE%E5%8A%A9%E6%89%8B-%E6%94%B9-%E6%9F%A5%E9%A2%98%E5%8F%AF%E7%94%A8/code/%E8%B6%85%E6%98%9F%E7%BD%91%E8%AF%BE%E5%8A%A9%E6%89%8B(%E6%94%B9)(%E6%9F%A5%E9%A2%98%E5%8F%AF%E7%94%A8).user.js"}}