{"options":{"check_for_updates":false,"comment":null,"compatopts_for_requires":true,"compat_wrappedjsobject":false,"compat_metadata":false,"compat_foreach":false,"compat_arrayleft":false,"compat_uW_gmonkey":false,"compat_forvarin":false,"noframes":null,"awareOfChrome":false,"run_at":null,"override":{"use_includes":[],"orig_includes":[],"merge_includes":true,"use_matches":[],"orig_matches":["*://*.cnblogs.com/*","*://*.csdn.net/*","*://*.jianshu.com/*","*://*.zhihu.com/*","*://*.imooc.com/*","https://jingyan.baidu.com/article/*","https://zhidao.baidu.com/question/*","*://*.bilibili.com/*","*://*/*"],"merge_matches":true,"use_excludes":[],"orig_excludes":[],"merge_excludes":true,"use_connects":[],"merge_connects":true,"use_blockers":[],"orig_run_at":"document-idle","orig_noframes":null}},"settings":{"enabled":true,"position":20},"meta":{"name":"阻止拷贝文档添加版权信息","uuid":"91ab1064-f862-46c3-834b-3d3e307ca1a9","modified":1610365174643,"file_url":"https://greasyfork.org/scripts/375956-%E9%98%BB%E6%AD%A2%E6%8B%B7%E8%B4%9D%E6%96%87%E6%A1%A3%E6%B7%BB%E5%8A%A0%E7%89%88%E6%9D%83%E4%BF%A1%E6%81%AF/code/%E9%98%BB%E6%AD%A2%E6%8B%B7%E8%B4%9D%E6%96%87%E6%A1%A3%E6%B7%BB%E5%8A%A0%E7%89%88%E6%9D%83%E4%BF%A1%E6%81%AF.user.js"}}