{"options":{"check_for_updates":false,"comment":null,"compatopts_for_requires":true,"compat_wrappedjsobject":false,"compat_metadata":false,"compat_foreach":false,"compat_arrayleft":false,"compat_uW_gmonkey":false,"compat_forvarin":false,"noframes":null,"awareOfChrome":false,"run_at":null,"override":{"merge_connects":true,"merge_excludes":true,"merge_includes":true,"merge_matches":true,"orig_connects":["static.doc88.com"],"orig_excludes":[],"orig_includes":["*://*/*"],"orig_matches":[],"orig_noframes":null,"orig_run_at":"document-idle","use_blockers":[],"use_connects":[],"use_excludes":[],"use_includes":[],"use_matches":[]}},"settings":{"enabled":true,"position":1},"meta":{"name":"🔥🔥🔥文本选中复制🔥🔥🔥","uuid":"67917bb5-f9cb-4e4e-ab2e-4d004cbca390","modified":1614762141003,"file_url":"https://greasyfork.org/scripts/405130-%E6%96%87%E6%9C%AC%E9%80%89%E4%B8%AD%E5%A4%8D%E5%88%B6/code/%F0%9F%94%A5%F0%9F%94%A5%F0%9F%94%A5%E6%96%87%E6%9C%AC%E9%80%89%E4%B8%AD%E5%A4%8D%E5%88%B6%F0%9F%94%A5%F0%9F%94%A5%F0%9F%94%A5.user.js"}}